<?xml version="1.0" encoding="UTF-8"?>
<project-private xmlns="http://www.netbeans.org/ns/project-private/1">
    <editor-bookmarks xmlns="http://www.netbeans.org/ns/editor-bookmarks/2" lastBookmarkId="0"/>
    <open-files xmlns="http://www.netbeans.org/ns/projectui-open-files/2">
        <group>
            <file>file:/C:/Users/Olivier/Documents/NetBeansProjects/HumanResources/src/humanresources/HumanResources.java</file>
            <file>file:/C:/Users/Olivier/Documents/NetBeansProjects/HumanResources/src/humanresources/Confirmation.java</file>
            <file>file:/C:/Users/Olivier/Documents/NetBeansProjects/HumanResources/src/humanresources/AddingMemberToDepartment.java</file>
            <file>file:/C:/Users/Olivier/Documents/NetBeansProjects/HumanResources/src/humanresources/DepartmentDetails.java</file>
            <file>file:/C:/Users/Olivier/Documents/NetBeansProjects/HumanResources/src/humanresources/AddTeacherStaff.java</file>
            <file>file:/C:/Users/Olivier/Documents/NetBeansProjects/HumanResources/src/humanresources/selectDepartment.java</file>
            <file>file:/C:/Users/Olivier/Documents/NetBeansProjects/HumanResources/src/humanresources/HumanJframe.java</file>
            <file>file:/C:/Users/Olivier/Documents/NetBeansProjects/HumanResources/src/humanresources/Department.java</file>
        </group>
    </open-files>
</project-private>
